Model,R2_Train,R2_Test,MAE_Test,RMSE_Test
XGBoost,0.9981157410563382,0.9935565325533756,9.492461091425051,22.258454389587165
Random Forest,0.9963051395499253,0.9932525956215742,9.881725765923425,22.77736880876672
LSTM,0.9501316627073356,0.9396965048809683,37.18678822801019,68.09362059961812
CNN-LSTM,0.9692080868126982,0.9386933928187596,35.94019274955324,68.65763281017777
