Model,R2_Train,R2_Test,MAE_Test,RMSE_Test
XGBoost,0.9980924171487822,0.9933451243489144,9.69296119068359,22.62065400643424
Random Forest,0.9963013550996657,0.9932541122472844,9.87636480549893,22.77480881068467
LSTM,0.9875584990972271,0.9874528101013105,18.045989233409305,31.060498393001293
CNN-LSTM,0.9882804475487842,0.9881424808188835,18.26623574718676,30.194796188822682
