Model,R2_Train,R2_Test,MAE_Test,RMSE_Test
XGBoost,0.9974444331634211,0.9921633722883606,11.34764057511635,24.54707742195989
Random Forest,0.9961202976167443,0.9925569957367582,10.561186843622547,23.922651767531093
LSTM,0.9462939034339125,0.9359039181360216,37.42388205180211,70.20223288810325
CNN-LSTM,0.9518561389487586,0.9337985424300729,37.793689726483436,71.3458900706055
